{
    "name": "root",
    "gauges": {
        "MoveToGoal.Policy.Entropy.mean": {
            "value": 1.343008041381836,
            "min": 1.343008041381836,
            "max": 1.4157419204711914,
            "count": 3
        },
        "MoveToGoal.Policy.Entropy.sum": {
            "value": 13419.3359375,
            "min": 13419.3359375,
            "max": 14256.521484375,
            "count": 3
        },
        "MoveToGoal.Environment.EpisodeLength.mean": {
            "value": 296.47058823529414,
            "min": 171.4909090909091,
            "max": 303.1515151515151,
            "count": 3
        },
        "MoveToGoal.Environment.EpisodeLength.sum": {
            "value": 10080.0,
            "min": 9432.0,
            "max": 10080.0,
            "count": 3
        },
        "MoveToGoal.Step.mean": {
            "value": 29958.0,
            "min": 9999.0,
            "max": 29958.0,
            "count": 3
        },
        "MoveToGoal.Step.sum": {
            "value": 29958.0,
            "min": 9999.0,
            "max": 29958.0,
            "count": 3
        },
        "MoveToGoal.Policy.ExtrinsicValueEstimate.mean": {
            "value": -0.07462602108716965,
            "min": -0.2067638486623764,
            "max": -0.07462602108716965,
            "count": 3
        },
        "MoveToGoal.Policy.ExtrinsicValueEstimate.sum": {
            "value": -13.208806037902832,
            "min": -38.04454803466797,
            "max": -13.208806037902832,
            "count": 3
        },
        "MoveToGoal.Environment.CumulativeReward.mean": {
            "value": -0.7205882352941176,
            "min": -0.7205882352941176,
            "max": -0.44545454545454544,
            "count": 3
        },
        "MoveToGoal.Environment.CumulativeReward.sum": {
            "value": -24.5,
            "min": -24.5,
            "max": -23.0,
            "count": 3
        },
        "MoveToGoal.Policy.ExtrinsicReward.mean": {
            "value": -0.7205882352941176,
            "min": -0.7205882352941176,
            "max": -0.44545454545454544,
            "count": 3
        },
        "MoveToGoal.Policy.ExtrinsicReward.sum": {
            "value": -24.5,
            "min": -24.5,
            "max": -23.0,
            "count": 3
        },
        "MoveToGoal.Losses.PolicyLoss.mean": {
            "value": 0.2464140674539125,
            "min": 0.23410678891064923,
            "max": 0.2464140674539125,
            "count": 3
        },
        "MoveToGoal.Losses.PolicyLoss.sum": {
            "value": 18.72746912649735,
            "min": 17.558009168298693,
            "max": 18.934596469401356,
            "count": 3
        },
        "MoveToGoal.Losses.ValueLoss.mean": {
            "value": 0.020591016790689223,
            "min": 0.01910382720238762,
            "max": 0.07738061379277174,
            "count": 3
        },
        "MoveToGoal.Losses.ValueLoss.sum": {
            "value": 1.5649172760923808,
            "min": 1.4327870401790717,
            "max": 6.035687875836196,
            "count": 3
        },
        "MoveToGoal.Policy.LearningRate.mean": {
            "value": 0.0002849949760543078,
            "min": 0.0002849949760543078,
            "max": 0.00029694239332689483,
            "count": 3
        },
        "MoveToGoal.Policy.LearningRate.sum": {
            "value": 0.021659618180127394,
            "min": 0.021659618180127394,
            "max": 0.023161506679497797,
            "count": 3
        },
        "MoveToGoal.Policy.Epsilon.mean": {
            "value": 0.19499832368421055,
            "min": 0.19499832368421055,
            "max": 0.19898079743589744,
            "count": 3
        },
        "MoveToGoal.Policy.Epsilon.sum": {
            "value": 14.819872600000002,
            "min": 14.774746000000002,
            "max": 15.520502200000001,
            "count": 3
        },
        "MoveToGoal.Policy.Beta.mean": {
            "value": 0.0005000000000000001,
            "min": 0.0005000000000000001,
            "max": 0.0005000000000000001,
            "count": 3
        },
        "MoveToGoal.Policy.Beta.sum": {
            "value": 0.038000000000000006,
            "min": 0.037500000000000006,
            "max": 0.03900000000000001,
            "count": 3
        },
        "MoveToGoal.IsTraining.mean": {
            "value": 1.0,
            "min": 1.0,
            "max": 1.0,
            "count": 3
        },
        "MoveToGoal.IsTraining.sum": {
            "value": 1.0,
            "min": 1.0,
            "max": 1.0,
            "count": 3
        }
    },
    "metadata": {
        "timer_format_version": "0.1.0",
        "start_time_seconds": "1707653722",
        "python_version": "3.9.7 (tags/v3.9.7:1016ef3, Aug 30 2021, 20:19:38) [MSC v.1929 64 bit (AMD64)]",
        "command_line_arguments": "C:\\Users\\sirag\\Downloads\\Unity\\TestingPPOEnvironment\\unityML\\Scripts\\mlagents-learn Assets\\Config\\moveToGoal.yaml --force",
        "mlagents_version": "0.30.0",
        "mlagents_envs_version": "0.30.0",
        "communication_protocol_version": "1.5.0",
        "pytorch_version": "2.2.0+cpu",
        "numpy_version": "1.21.2",
        "end_time_seconds": "1707653938"
    },
    "total": 215.3007058,
    "count": 1,
    "self": 0.007949600000017654,
    "children": {
        "run_training.setup": {
            "total": 0.20284559999999985,
            "count": 1,
            "self": 0.20284559999999985
        },
        "TrainerController.start_learning": {
            "total": 215.0899106,
            "count": 1,
            "self": 0.4116507999976875,
            "children": {
                "TrainerController._reset_env": {
                    "total": 16.904798500000002,
                    "count": 1,
                    "self": 16.904798500000002
                },
                "TrainerController.advance": {
                    "total": 197.60666520000234,
                    "count": 19365,
                    "self": 0.3776708000065412,
                    "children": {
                        "env_step": {
                            "total": 133.6898890999982,
                            "count": 19365,
                            "self": 118.11103629999843,
                            "children": {
                                "SubprocessEnvManager._take_step": {
                                    "total": 15.313927800001828,
                                    "count": 19365,
                                    "self": 1.1644443000023337,
                                    "children": {
                                        "TorchPolicy.evaluate": {
                                            "total": 14.149483499999494,
                                            "count": 19274,
                                            "self": 14.149483499999494
                                        }
                                    }
                                },
                                "workers": {
                                    "total": 0.26492499999794106,
                                    "count": 19364,
                                    "self": 0.0,
                                    "children": {
                                        "worker_root": {
                                            "total": 183.53706220000095,
                                            "count": 19364,
                                            "is_parallel": true,
                                            "self": 100.86517660000166,
                                            "children": {
                                                "steps_from_proto": {
                                                    "total": 0.003210799999999736,
                                                    "count": 1,
                                                    "is_parallel": true,