{
    "name": "root",
    "gauges": {
        "MoveToGoal.Policy.Entropy.mean": {
            "value": 1.4053752422332764,
            "min": 1.4053752422332764,
            "max": 1.4334660768508911,
            "count": 5
        },
        "MoveToGoal.Policy.Entropy.sum": {
            "value": 14132.453125,
            "min": 14069.001953125,
            "max": 14484.6875,
            "count": 5
        },
        "MoveToGoal.Environment.EpisodeLength.mean": {
            "value": 44.547511312217196,
            "min": 44.547511312217196,
            "max": 96.6116504854369,
            "count": 5
        },
        "MoveToGoal.Environment.EpisodeLength.sum": {
            "value": 9845.0,
            "min": 9535.0,
            "max": 9951.0,
            "count": 5
        },
        "MoveToGoal.Step.mean": {
            "value": 49987.0,
            "min": 9993.0,
            "max": 49987.0,
            "count": 5
        },
        "MoveToGoal.Step.sum": {
            "value": 49987.0,
            "min": 9993.0,
            "max": 49987.0,
            "count": 5
        },
        "MoveToGoal.Policy.ExtrinsicValueEstimate.mean": {
            "value": -0.011492578312754631,
            "min": -0.07359600812196732,
            "max": -0.005062321200966835,
            "count": 5
        },
        "MoveToGoal.Policy.ExtrinsicValueEstimate.sum": {
            "value": -3.022548198699951,
            "min": -19.429346084594727,
            "max": -1.0934613943099976,
            "count": 5
        },
        "MoveToGoal.Environment.CumulativeReward.mean": {
            "value": -0.03409090909090909,
            "min": -0.12135922330097088,
            "max": 0.11386138613861387,
            "count": 5
        },
        "MoveToGoal.Environment.CumulativeReward.sum": {
            "value": -7.5,
            "min": -14.0,
            "max": 23.0,
            "count": 5
        },
        "MoveToGoal.Policy.ExtrinsicReward.mean": {
            "value": -0.03409090909090909,
            "min": -0.12135922330097088,
            "max": 0.11386138613861387,
            "count": 5
        },
        "MoveToGoal.Policy.ExtrinsicReward.sum": {
            "value": -7.5,
            "min": -14.0,
            "max": 23.0,
            "count": 5
        },
        "MoveToGoal.Losses.PolicyLoss.mean": {
            "value": 0.24342414893959863,
            "min": 0.24342414893959863,
            "max": 0.25034653904056725,
            "count": 5
        },
        "MoveToGoal.Losses.PolicyLoss.sum": {
            "value": 19.717356064107488,
            "min": 18.63754326555756,
            "max": 19.843457996950512,
            "count": 5
        },
        "MoveToGoal.Losses.ValueLoss.mean": {
            "value": 0.0076314075279038515,
            "min": 0.0019692196959610326,
            "max": 0.11513802556076913,
            "count": 5
        },
        "MoveToGoal.Losses.ValueLoss.sum": {
            "value": 0.618144009760212,
            "min": 0.1496606968930385,
            "max": 9.095904019300761,
            "count": 5
        },
        "MoveToGoal.Policy.LearningRate.mean": {
            "value": 0.0002730368756543777,
            "min": 0.0002730368756543777,
            "max": 0.00029705080351471135,
            "count": 5
        },
        "MoveToGoal.Policy.LearningRate.sum": {
            "value": 0.022115986928004597,
            "min": 0.0212039081320308,
            "max": 0.023467013477662196,
            "count": 5
        },
        "MoveToGoal.Policy.Epsilon.mean": {
            "value": 0.1910122888888889,
            "min": 0.1910122888888889,
            "max": 0.19901693417721522,
            "count": 5
        },
        "MoveToGoal.Policy.Epsilon.sum": {
            "value": 15.4719954,
            "min": 14.6679692,
            "max": 15.7597926,
            "count": 5
        },
        "MoveToGoal.Policy.Beta.mean": {
            "value": 0.0005000000000000001,
            "min": 0.0005000000000000001,
            "max": 0.0005000000000000001,
            "count": 5
        },
        "MoveToGoal.Policy.Beta.sum": {
            "value": 0.04050000000000001,
            "min": 0.038000000000000006,
            "max": 0.04050000000000001,
            "count": 5
        },
        "MoveToGoal.IsTraining.mean": {
            "value": 1.0,
            "min": 1.0,
            "max": 1.0,
            "count": 5
        },
        "MoveToGoal.IsTraining.sum": {
            "value": 1.0,
            "min": 1.0,
            "max": 1.0,
            "count": 5
        }
    },
    "metadata": {
        "timer_format_version": "0.1.0",
        "start_time_seconds": "1708196346",
        "python_version": "3.9.7 (tags/v3.9.7:1016ef3, Aug 30 2021, 20:19:38) [MSC v.1929 64 bit (AMD64)]",
        "command_line_arguments": "C:\\Users\\sirag\\Downloads\\Unity\\TestingPPOEnvironment\\unityML\\Scripts\\mlagents-learn Assets\\Config\\moveToGoal.yaml --run-id=Scene2 --force",
        "mlagents_version": "0.30.0",
        "mlagents_envs_version": "0.30.0",
        "communication_protocol_version": "1.5.0",
        "pytorch_version": "2.2.0+cpu",
        "numpy_version": "1.21.2",
        "end_time_seconds": "1708196615"
    },
    "total": 268.7258984,
    "count": 1,
    "self": 0.006801799999948344,
    "children": {
        "run_training.setup": {
            "total": 0.13494679999999803,
            "count": 1,
            "self": 0.13494679999999803
        },
        "TrainerController.start_learning": {
            "total": 268.58414980000003,
            "count": 1,
            "self": 0.378797600000496,
            "children": {
                "TrainerController._reset_env": {
                    "total": 19.081272400000003,
                    "count": 1,
                    "self": 19.081272400000003
                },
                "TrainerController.advance": {
                    "total": 248.97979959999958,
                    "count": 18383,
                    "self": 0.38505360000178257,
                    "children": {
                        "env_step": {
                            "total": 161.34473780000056,
                            "count": 18383,
                            "self": 146.79233720000164,
                            "children": {
                                "SubprocessEnvManager._take_step": {
                                    "total": 14.300791499999796,
                                    "count": 18384,
                                    "self": 1.0616228999986603,
                                    "children": {
                                        "TorchPolicy.evaluate": {
                                            "total": 13.239168600001136,
                                            "count": 17552,
                                            "self": 13.239168600001136
                                        }
                                    }
                                },
                                "workers": {
                                    "total": 0.25160909999912917,
                                    "count": 18382,
                                    "self": 0.0,
                                    "children": {
                                        "worker_root": {
                                            "total": 219.88282020000017,
                                            "count": 18382,
                                            "is_parallel": true,
                                            "self": 123.64735360000054,
                                            "children": {
                                                "steps_from_proto": {
                                                    "total": 0.0037874000000019947,
                                                    "count": 2,
                                                    "is_parallel": true,